ts,epoch,step,loss
2026-09-27T21:05:07Z,0,0,20.05048370361328
2026-09-27T21:05:12Z,0,1,3.4503157138824463
2026-09-27T21:05:17Z,0,2,1.1620638370513916
2026-09-27T21:05:21Z,0,3,2.1829781532287598
2026-09-27T21:05:26Z,0,4,0.9481213092803955
2026-09-27T21:05:34Z,0,5,5.402890205383301
2026-09-27T21:05:39Z,0,6,2.206967353820801
2026-09-27T21:05:45Z,0,7,1.636751413345337
2026-09-27T21:05:49Z,0,8,1.1611301898956299
2026-09-27T21:05:54Z,0,9,2.47629976272583
2026-09-27T21:06:01Z,0,10,0.3221690058708191
2026-09-27T21:06:06Z,0,11,1.5913244485855103
2026-09-27T21:06:11Z,0,12,1.688025951385498
2026-09-27T21:06:16Z,0,13,0.5939394235610962
2026-09-27T21:06:21Z,0,14,1.8067189455032349
2026-09-27T21:06:29Z,0,15,0.8565652966499329
2026-09-27T21:06:34Z,0,16,0.5503364205360413
2026-09-27T21:06:39Z,0,17,0.19383375346660614
2026-09-27T21:06:45Z,0,18,2.9028172492980957
2026-09-27T21:06:52Z,0,19,0.0035850107669830322
2026-09-27T21:07:00Z,0,20,1.174354076385498
2026-09-27T21:07:05Z,0,21,0.003614261746406555
2026-09-27T21:07:10Z,0,22,4.276477336883545
2026-09-27T21:07:14Z,0,23,2.58682918548584
2026-09-27T21:07:19Z,0,24,1.1369478702545166
2026-09-27T21:07:27Z,0,25,1.6830220222473145
2026-09-27T21:07:31Z,0,26,0.17112427949905396
2026-09-27T21:07:36Z,0,27,0.8797346353530884
2026-09-27T21:07:41Z,0,28,0.0017779767513275146
2026-09-27T21:07:46Z,0,29,1.360231876373291
2026-09-27T21:07:56Z,0,30,2.0792369842529297
2026-09-27T21:08:00Z,0,31,0.011552989482879639
2026-09-27T21:08:05Z,0,32,2.0766043663024902
2026-09-27T21:08:09Z,0,33,0.25947105884552
2026-09-27T21:08:15Z,0,34,2.3871874809265137
2026-09-27T21:08:22Z,0,35,0.07078509032726288
2026-09-27T21:08:27Z,0,36,0.007892191410064697
2026-09-27T21:08:33Z,0,37,0.0005501210689544678
2026-09-27T21:08:37Z,1,38,1.5763757228851318
2026-09-27T21:08:42Z,1,39,1.914604902267456
2026-09-27T21:08:49Z,1,40,0.00016658008098602295
2026-09-27T21:08:53Z,1,41,0.00018364191055297852
2026-09-27T21:08:58Z,1,42,1.6106853485107422
2026-09-27T21:09:02Z,1,43,1.9922873973846436
2026-09-27T21:09:08Z,1,44,0.0001834779977798462
2026-09-27T21:09:15Z,1,45,1.0260194540023804
2026-09-27T21:09:20Z,1,46,0.825444221496582
2026-09-27T21:09:24Z,1,47,2.3916363716125488e-05
2026-09-27T21:09:28Z,1,48,0.00929117202758789
2026-09-27T21:09:33Z,1,49,0.46412914991378784
2026-09-27T21:09:41Z,1,50,1.169741153717041e-05
2026-09-27T21:09:45Z,1,51,1.435255527496338
2026-09-27T21:09:50Z,1,52,9.298324584960938e-06
2026-09-27T21:09:54Z,1,53,1.4019463062286377
2026-09-27T21:09:58Z,1,54,0.9110268950462341
2026-09-27T21:10:05Z,1,55,0.3159365653991699
2026-09-27T21:10:10Z,1,56,0.6880559921264648
2026-09-27T21:10:14Z,1,57,2.7425074577331543
2026-09-27T21:10:19Z,1,58,0.000147894024848938
2026-09-27T21:10:24Z,1,59,0.00011272728443145752
2026-09-27T21:10:31Z,1,60,0.00016869604587554932
2026-09-27T21:10:35Z,1,61,2.2660555839538574
2026-09-27T21:10:40Z,1,62,0.0012378543615341187
2026-09-27T21:10:44Z,1,63,0.774370014667511
2026-09-27T21:10:49Z,1,64,0.3490104675292969
2026-09-27T21:10:56Z,1,65,0.0013195127248764038
2026-09-27T21:11:01Z,1,66,1.6438531875610352
2026-09-27T21:11:05Z,1,67,0.00039486587047576904
2026-09-27T21:11:11Z,1,68,0.00024944543838500977
2026-09-27T21:11:15Z,1,69,1.3814141750335693
2026-09-27T21:11:22Z,1,70,0.00970412790775299
2026-09-27T21:11:26Z,1,71,2.333521842956543e-05
2026-09-27T21:11:30Z,1,72,1.1340758800506592
2026-09-27T21:11:34Z,1,73,1.0168229341506958
2026-09-27T21:11:38Z,1,74,1.2252428531646729
2026-09-27T21:11:46Z,1,75,7.995963096618652e-05
2026-09-27T21:11:51Z,2,76,0.26501548290252686
2026-09-27T21:11:55Z,2,77,0.004271373152732849
2026-09-27T21:11:59Z,2,78,1.0371208190917969e-05
2026-09-27T21:12:04Z,2,79,9.492039680480957e-06
2026-09-27T21:12:12Z,2,80,1.431542158126831
2026-09-27T21:12:17Z,2,81,2.055081844329834
2026-09-27T21:12:21Z,2,82,9.08970832824707e-06
2026-09-27T21:12:25Z,2,83,2.663358449935913
2026-09-27T21:12:29Z,2,84,2.0071864128112793e-05
2026-09-27T21:12:37Z,2,85,0.36763685941696167
2026-09-27T21:12:42Z,2,86,2.8535723686218262e-05
2026-09-27T21:12:46Z,2,87,2.9802322387695312e-05
2026-09-27T21:12:52Z,2,88,0.6652722358703613
2026-09-27T21:12:58Z,2,89,1.0952353477478027e-05
2026-09-27T21:13:04Z,2,90,0.25727781653404236
2026-09-27T21:13:08Z,2,91,0.4124455451965332
2026-09-27T21:13:12Z,2,92,0.17159180343151093
2026-09-27T21:13:16Z,2,93,1.2344145774841309
2026-09-27T21:13:21Z,2,94,1.022637128829956
2026-09-27T21:13:29Z,2,95,0.002060443162918091
2026-09-27T21:13:34Z,2,96,0.5689777731895447
2026-09-27T21:13:39Z,2,97,0.32540494203567505
2026-09-27T21:13:43Z,2,98,0.0017822831869125366
2026-09-27T21:13:48Z,2,99,0.77753746509552
2026-09-27T21:13:55Z,2,100,0.4084126949310303
2026-09-27T21:13:59Z,2,101,0.00026072561740875244
2026-09-27T21:14:04Z,2,102,1.3453896045684814
2026-09-27T21:14:10Z,2,103,0.8888485431671143
2026-09-27T21:14:14Z,2,104,0.00010958313941955566
2026-09-27T21:14:22Z,2,105,7.845461368560791e-05
2026-09-27T21:14:26Z,2,106,6.03795051574707e-05
2026-09-27T21:14:30Z,2,107,2.4144763946533203
2026-09-27T21:14:35Z,2,108,1.2687504291534424
2026-09-27T21:14:38Z,2,109,0.00011092424392700195
2026-09-27T21:14:46Z,2,110,0.0006867647171020508
2026-09-27T21:14:50Z,2,111,0.00011609494686126709
2026-09-27T21:14:54Z,2,112,0.32649701833724976
2026-09-27T21:14:59Z,2,113,2.2210798263549805
